Date,Close,Open,High,Low,Volume
2026-10-09,9.521,9.185,9.59,9.112,19090000.0
2026-10-08,9.155,9.247,9.247,8.922,11500000.0
2026-10-07,9.0,247.0,128.0,128.0,9.0
2026-10-06,9.396,8.588,9.486,8.488,37080000.0
2026-10-05,8.583,8.432,8.85,8.294,10360000.0
2026-10-04,8.0,149.33333333333334,8.0,432.0,8.0
2026-10-03,8.453,8.432,8.459,8.401,225700.0
2026-10-02,8.432,8.541,8.587,8.342,10140000.0
2026-10-01,8.541,8.856,8.856,8.533,14090000.0
2026-09-30,8.0,832.0,8.0,894.0,12507993.464285715
2026-09-29,8.86,8.836,9.051,8.524,16490000.0
2026-09-28,8.815,9.0,9.088,8.667,20490000.0
2026-09-27,9.013,9.0,9.036,8.992,411500.0
2026-09-26,9.009,9.0,9.009,8.938,263700.0
2026-09-25,9.024,9.43,9.439,8.931,18160000.0
2026-09-24,9.413,9.765,9.777,9.401,9650000.0
2026-09-23,9.762,10.043,10.125,9.45,16940000.0
2026-09-22,10.04,9.931,10.128,9.92,9690000.0
2026-09-21,9.977,10.257,10.289,9.93,8170000.0
2026-09-20,10.178,10.257,10.178,10.143,311700.0
2026-09-19,10.152,10.257,10.22,10.135,141200.0
2026-09-18,10.16,10.53,10.65,10.001,12570000.0
2026-09-17,10.471,10.598,10.781,10.417,22350000.0
2026-09-16,10.554,10.743,10.827,10.411,11710000.0
2026-09-15,10.698,10.906,11.333,10.579,27500000.0
2026-09-14,10.825,10.295,11.112,10.234,31450000.0
2026-09-11,10.3,10.21,10.474,9.981,19240000.0
2026-09-10,10.066,10.233,10.34,9.949,9070000.0
2026-09-09,10.15,9.847,10.368,9.8,13130000.0
