"Дата","Цена","Откр.","Макс.","Мин.","Объём","Изм. %"
"09.10.2026","9,521","9,185","9,590","9,112","19,09M","4,00%"
"08.10.2026","9,155","9,247","9,247","8,922","11,50M","-0,99%"
"07.10.2026","9","247","н/д","-","9","743","9","217","21","85M","-1","59%"
"06.10.2026","9,396","8,588","9,486","8,488","37,08M","9,47%"
"05.10.2026","8,583","8,432","8,850","8,294","10,36M","1,42%"
"04.10.2026","8"," ","8","432","8","463","8","378","448","90K","0","12%"
"03.10.2026","8,453","8,432","8,459","8,401","225,70K","0,25%"
"02.10.2026","8,432","8,541","8,587","8,342","10,14M","-1,28%"
"01.10.2026","8,541","8,856","8,856","8,533","14,09M","-3,29%"
"30.09.2026","8","832","8","894","-","905","8","681","11","15M","-0","32%"
"29.09.2026","8,860","8,836","9,051","8,524","16,49M","0,51%"
"28.09.2026","8,815","9,000","9,088","8,667","20,49M","-2,20%"
"27.09.2026","9,013","9,000","9,036","8,992","411,50K","0,04%"
"26.09.2026","9,009","9,000","9,009","8,938","263,70K","-0,17%"
"25.09.2026","9,024","9,430","9,439","8,931","18,16M","-4,13%"
"24.09.2026","9,413","9,765","9,777","9,401","9,65M","-3,58%"
"23.09.2026","9,762","10,043","10,125","9,450","16,94M","-2,77%"
"22.09.2026","10,040","9,931","10,128","9,920","9,69M","0,63%"
"21.09.2026","9,977","10,257","10,289","9,930","8,17M","-1,97%"
"20.09.2026","10,178","10,257","10,178","10,143","311,70K","0,26%"
"19.09.2026","10,152","10,257","10,220","10,135","141,20K","-0,08%"
"18.09.2026","10,160","10,530","10,650","10,001","12,57M","-2,97%"
"17.09.2026","10,471","10,598","10,781","10,417","22,35M","-0,79%"
"16.09.2026","10,554","10,743","10,827","10,411","11,71M","-1,35%"
"15.09.2026","10,698","10,906","11,333","10,579","27,50M","-1,17%"
"14.09.2026","10,825","10,295","11,112","10,234","31,45M","5,10%"
"11.09.2026","10,300","10,210","10,474","9,981","19,24M","2,32%"
"10.09.2026","10,066","10,233","10,340","9,949","9,07M","-0,83%"
"09.09.2026","10,150","9,847","10,368","9,800","13,13M","3,56%"